ID,Name,Email,phonenumber,Username,Password,userType
1a5fc68d-8c4c-4f17-95c4-fadcfb37c4c5,Ram Ramesh,ramramesh@example.com,555-1234,ramramesh,password@123,admin
2b7df68a-1e3c-4e5f-a6c3-4e6d4a92b8b5,Raj Rajesh,rajrajesh@example.com,555-5678,rajrajesh,securepass@456,member
3c5e3c2d-6c9e-4d98-b6df-60d7c0f21cb8,Michael Johnson,michaelj@example.com,555-8765,michaelj,password456,member
4d7a3f1d-8e7f-4b2e-8d3a-2b9d4e68a6b6,Emily Brown,emilybrown@example.com,555-4321,emilybrown,pass1234,member
5e4c3f7d-9d4b-4e8f-8a5e-5c9e4d72c7d9,David Wilson,davidwilson@example.com,555-6789,davidwilson,wilsonpass,member
6f8e4d2c-6a3e-4f9a-9d3e-4e6d8e72b8a2,Jessica Lee,jessicalee@example.com,555-1357,jessicalee,jesspass,member
7g7d3c1e-2d6c-4b5f-8e7a-9b8d7e62d6b5,William Davis,williamdavis@example.com,555-2468,williamd,willpass,member
8h3e8a6c-7c4b-4e9a-8d2e-7b6d8c4f5a9b,Sarah Miller,sarahmiller@example.com,555-9753,sarahm,smillerpass,member
9i3e8a6c-8b3e-4d5a-7c6d-6e8d9b7a8c5b,James Brown,jamesbrown@example.com,555-3597,jamesb,jbrownpass,member
10j3e8a6c-6e7a-4f5d-9b2e-5e9d6c7a4b3a,Mary Jones,maryjones@example.com,555-8246,maryj,mjonespass,member
11k5c7a3-4e9b-4d6a-7e3d-2d5a6b8f9c7d,Thomas Garcia,thomasgarcia@example.com,555-1846,thomasg,tgarciapass,member
12l3e7a6c-9d8f-4b6a-7c4e-3b6d7e5f4a3c,Laura Martinez,lauramartinez@example.com,555-2736,lauram,lmartinezpass,member
13m3e7c9a-2b5d-4e8f-9c7a-6b5d7e3f8a6b,Robert Hernandez,roberthernandez@example.com,555-3847,roberth,rhernandezpass,member
14n3e7c9a-2b5d-4e8f-9c7a-6b5d7e3f8a6b,Linda Clark,lindaclark@example.com,555-4958,lindac,lclarkpass,member
15o3e7c9a-2b5d-4e8f-9c7a-6b5d7e3f8a6b,Paul Lewis,paullewis@example.com,555-5069,paull,plewispass,member
16p3e7c9a-2b5d-4e8f-9c7a-6b5d7e3f8a6b,Jennifer Allen,jenniferallen@example.com,555-6170,jennifera,jallenpass,member
17q3e7c9a-2b5d-4e8f-9c7a-6b5d7e3f8a6b,Charles Wright,charleswright@example.com,555-7281,charlesw,cwrightpass,member
18r3e7c9a-2b5d-4e8f-9c7a-6b5d7e3f8a6b,Patricia Scott,patriciascott@example.com,555-8392,patricias,pscottpass,member
19s3e7c9a-2b5d-4e8f-9c7a-6b5d7e3f8a6b,Christopher Green,christophergreen@example.com,555-9403,christopherg,cgreenpass,member
20t3e7c9a-2b5d-4e8f-9c7a-6b5d7e3f8a6b,Barbara Harris,barbaraharris@example.com,555-0514,barbarah,bharrispass,member

